Company Name,Domain,Country
Chevalier Singapore Holdings,www.chevalier.com,Singapore
Fcm Travel,www.fcmtravel.com,India
Fone Dynamics - Embedded,www.fonedynamics.com,Australia
Emtex (Industry Buying),www.industrybuying.com,INDIA
Inspira Enterprise India Private Limited,www.inspiraenterprise.com,India
Six Fam,www.sixfam.com.au,Australia
TOMIZONE NEW ZEALAND LIMITED,www.tomizone.com,New Zealand
FutureSoftIndia,www.futuresoftindia.com,India
FutureSoftIndia,www.futuresoftindia.com,India
Guestpoint Motelier Pty Ltd,www.guestpoint.com,Australia
Beardo,www.beardo.in,India
BeatRoute Innovations Pvt. Litd,www.beatroute.io,India
Beatbox Music,www.beatboxmusic.com,Australia
Beauto System,www.beautosys.com,India
BeautyMNL,www.beautymnl.com,Philippines
Bee International Consultancy Pvt Ltd,www.beeinternational.co.in,India
Beehyv soft solutions,www.beehyv.com,India
BePure Health Ltd,www.bepure.co.nz,New Zealand
Bevilles,www.bevilles.com.au,Australia
Bharat Co. Op Bank (Mumbai) Ltd.,www.bharatbank.com,India
